Date,ADH_DR,masi_M_DR
2024-10-17,-9.064830751577734,-2.056671563335166
2024-10-16,2.5236593059936974,0.7588144048966461
2024-10-15,-1.2307692307692242,0.7815078064695724
2024-10-14,3.738317757009324,0.3769042741442963
2024-10-11,4.504504504504503,0.007942355518264499
2024-10-10,1.9540229885057547,0.32802159581868384
2024-10-09,-2.733934611048472,-0.9142702058592245
2024-10-08,4.317589104607356,0.9789131382212046
2024-10-07,0.8333333333333304,0.07176727624114143
2024-10-04,-0.49586776859503745,-0.0851272285016802
2024-10-03,1.0243632336655706,-0.9211605535016987
2024-10-02,3.590024664291569,1.2605725091232811
2024-10-01,3.835978835978837,1.2074187208698905
2024-09-30,0.1273885350318471,0.5302361954909296
2024-09-27,-2.2900763358778553,-0.5426654347517657
2024-09-26,-1.432291666666663,-0.6118725401234815
2024-09-25,-2.5891677675033087,-0.6260016481466013
2024-09-24,1.9799294819636604,0.5372253105338398
2024-09-23,0.26595744680850686,-0.15900991972416234
2024-09-20,0.7692307692307665,-0.4389037303658583
2024-09-19,-1.210844959199786,-0.678847714343922
2024-09-18,-2.744471089794831,-0.6325933202915413
2024-09-13,0.0,-0.8164201238381352
2024-09-12,-1.3698630136986356,0.2993237846453223
2024-09-11,1.416666666666666,0.17140366460604017
2024-09-10,2.7115858668857795,0.2266656917604637
2024-09-09,-6.399999999999995,-0.5030153744042254
2024-09-06,0.2849002849002913,-0.035438688552869024
2024-09-05,-2.556818181818199,-0.42167574400887586
2024-09-04,-0.23323615160348865,0.34590381996246755
2024-09-03,-0.3798947983635115,0.5219607820559968
2024-09-02,-9.064241713112365,-0.2487791921799598
2024-08-30,-0.6129032258064604,0.011626688561205967
2024-08-29,-2.5965595585848655,-0.19045459373034923
2024-08-28,-0.03332222592469236,-0.21670139353232587
2024-08-27,1.2666666666666604,0.3774930827761258
2024-08-26,0.23041474654377225,0.1671118436212149
2024-08-23,0.8866995073891548,-0.18596724826519528
2024-08-22,-0.0976562499999889,-0.09900833709072243
2024-08-19,-1.3033561420658257,-0.13590305821408188
2024-08-16,1.0234400792340725,-0.16019666911831765
2024-08-15,-1.4379084967320321,-0.3826813790080985
2024-08-13,-0.03315649867374759,-0.2718510108848937
2024-08-12,-0.8291873963515717,0.07589334300743822
2024-08-09,-1.6053511705685475,0.037265387560037055
2024-08-08,2.141400407885796,-0.12364021133344227
2024-08-07,-1.730449251247923,0.1757487098215993
2024-08-06,-3.4202505926176796,-1.4692950368192959
2024-08-05,9.396914446002814,2.930875535382671
2024-08-02,0.3525641025641013,-0.1651300005928169
2024-08-01,2.2037687639731685,0.04550016919482314
2024-07-31,-1.2812500000000004,-0.5667772428139206
2024-07-29,-3.577081354859124,-0.9486467885454708
2024-07-26,-2.856204858831257,-0.8168786248036075
2024-07-25,1.250422440013521,-0.1425261609074191
2024-07-24,0.6341789052069391,-0.28047426982122925
2024-07-23,-2.1558872305140864,0.04719574914797686
2024-07-22,-1.72881355932204,0.10044572330472068
2024-07-19,1.0003449465332936,-0.19856111094391782
2024-07-18,0.1366120218579292,-0.07774368268220755
2024-07-17,-0.545702592087316,-0.9499175216905797
2024-07-16,-1.4746227709190651,-0.16646428375025613
2024-07-15,0.0,0.6174659109687841
2024-07-12,-0.20884093282282912,-0.6134547222031106
2024-07-11,1.1510289501220683,-0.5500979978368292
2024-07-10,0.8620689655172376,-0.08547859404928193
2024-07-09,-0.1367521367521385,0.06847134354410755
2024-07-08,1.6775077028414964,0.07441350702472871
2024-07-05,-2.3569023569023573,-0.5394333966948661
2024-07-04,-1.0689655172413715,-0.6543508313264113
2024-07-03,0.3834088532589819,0.2755019070879383
2024-07-02,1.4236111111111116,0.440694269011499
2024-07-01,3.6631290653885706,-0.015108942238728496
2024-06-28,-0.8916776750330202,0.126453139789362
2024-06-27,-1.5328223925358264,0.2844230334602571
2024-06-26,1.522842639593902,0.40318746457603805
2024-06-25,-2.1333333333333315,-2.1211908795876533
2024-06-24,0.8514986376021882,0.11763388282477472
2024-06-21,0.47281323877068626,-0.0211553081179372
2024-06-20,0.0,0.38688915393589873
2024-06-19,-0.03361344537815558,-0.202669505404518
2024-06-14,-0.13449899125755893,0.2017895143908044
2024-06-13,-1.0101010101010166,-0.19637889450057067
2024-06-12,1.7006802721088343,0.17678488538610537
2024-06-11,-0.6688963210702337,-0.2054426762605699
2024-06-10,0.0,0.28854622705101196
2024-06-07,1.5151515151515138,0.35507962391565506
2024-06-06,-3.814262023217241,-1.4393041324685218
2024-06-05,7.931034482758625,1.4206391037348443
2024-06-04,0.6389776357827559,0.5693148582340379
2024-06-03,-4.761904761904767,-0.027714999673278395
2024-05-31,-0.2666666666666595,0.02434186801298921
2024-05-30,-1.4037433155080326,0.25522697023505625
2024-05-29,2.033898305084758,0.1995112237237695
2024-05-28,-2.857142857142869,-0.3563564312017431
2024-05-27,0.8549931600547289,0.3309923994059938
2024-05-24,-0.6103763987792443,0.03612376315376142
2024-05-23,1.6717843739338267,0.12343436110568984
2024-05-22,3.288590604026842,0.2599305258944806
2024-05-21,3.15139701104612,0.130261379251273
2024-05-20,-0.7874015748031482,-0.13544733322722324
2024-05-17,-1.1111111111111183,-0.10978591746094724
2024-05-16,3.6918138041733606,0.07463805019465308
2024-05-15,0.9597523219814219,0.5965100511124088
2024-05-14,-2.023919043238276,0.29530139703410896
2024-05-13,-2.6604068857589924,-0.10575032142337015
2024-05-10,-1.6077170418006381,-0.36061184252840217
2024-05-09,-2.843137254901962,-0.4418977862820195
2024-05-08,0.908173562058523,-0.32193950667243065
2024-05-07,0.0,-0.09711808257952814
2024-05-06,1.6666666666666607,0.3067544348055229
2024-05-03,5.901639344262288,-0.6014860330944116
2024-05-02,0.3095975232198178,-0.026195596287581502
2024-04-30,3.3641975308642103,0.4094791341325621
2024-04-29,-1.4631233203941552,-0.1415443513111403
2024-04-26,0.0,-0.061100848597939184
2024-04-25,-2.8787878787878918,-0.49127844031644496
2024-04-24,1.3416536661466472,-0.2603672548647573
2024-04-23,-1.6009852216748666,0.4198794262100902
2024-04-22,11.076345431789726,1.135669975372644
2024-04-19,1.9718309859154903,0.01709611360738439
2024-04-18,-2.9005524861878573,-0.5263216567018336
2024-04-17,6.685633001422486,-0.16810075286723958
2024-04-16,-8.906666666666673,0.07768106310799272
2024-04-15,-9.074941451990625,-0.2349561158508484
2024-04-09,-9.07920154539601,-0.9095072515476366
2024-04-08,-9.065155807365432,-0.7655097031380675
2024-04-05,-6.542056074766355,-0.09391138637445673
2024-04-04,2.083333333333326,-0.08392827032227546
2024-04-03,-2.9387755102040725,-0.32270799813369777
2024-04-02,-4.7518923465096785,-0.3527878668553308
2024-04-01,-9.050772626931558,0.016221884629330496
2024-03-29,4.3689320388349495,-0.17133988714166382
2024-03-28,-1.6279069767441978,-0.038192214640253574
2024-03-27,1.1820330969267046,-0.3349257971434261
2024-03-26,3.9719626168224442,0.19113498473548596
2024-03-25,-3.3707865168539297,0.12250033363598867
2024-03-22,-1.2558139534883717,-0.011942267227882386
2024-03-21,-1.0833725859632604,-0.12090100142090332
2024-03-20,3.809523809523818,0.5609530106381211
2024-03-19,-4.587155963302747,0.39165051731624434
2024-03-18,-3.8461538461538547,-0.1677412551019608
2024-03-15,-3.599999999999992,-0.726518102096807
2024-03-14,-1.4522821576763545,-0.6325195064759481
2024-03-13,-0.42105263157893313,-0.31210375936815415
2024-03-12,-0.10570824524314126,0.0434358876956642
2024-03-11,-0.05291005291003792,0.430746726215947
2024-03-08,-0.42350449973531656,-0.24768622176631894
2024-03-07,2.0733652312599604,0.46980736267123735
2024-03-06,1.5625,0.513760843786093
2024-03-05,-3.589743589743588,-0.0056912394904351515
2024-03-04,-2.1276595744680993,0.06860641300752146
2024-03-01,-2.1739130434782483,0.15787103151116977
2024-02-29,-4.444444444444451,0.7894922631600076
2024-02-28,1.918604651162803,-0.268310436088226
2024-02-27,0.3993154592127901,0.139554768375727
2024-02-26,-2.556818181818199,-0.25851790185010826
2024-02-23,-3.790087463556846,-0.736824485197396
2024-02-22,-0.1818181818181941,-0.1950446492853919
2024-02-21,-1.153612629022449,-0.5825741584268407
2024-02-20,2.2727272727272485,0.2652505484664225
2024-02-19,0.6006006006006093,-0.37793795873254377
2024-02-16,-4.7761194029850795,-1.115972925769626
2024-02-15,-0.18808777429466517,0.20640118670860463
2024-02-14,0.5025125628140614,-0.43617996363467526
2024-02-13,0.8124999999999938,-0.07922332788378172
2024-02-12,1.0539367637941721,-0.22390847573575678
2024-02-09,0.9202453987730008,-0.26793451086548625
2024-02-08,-0.9118541033434568,-0.6024129784118148
2024-02-07,-1.8404907975460127,-0.1640659674274514
2024-02-06,-0.3750000000000031,-0.691741877400387
2024-02-05,0.0,0.4085168899994107
2024-02-02,0.18820577164366803,-0.07588006467414976
2024-02-01,0.688791484032536,-0.14931207505334276
2024-01-31,-0.4975124378109319,-0.15892142013658184
2024-01-30,0.06250000000000977,0.10180411025055847
2024-01-29,1.8113678950655743,1.3857606352152274
2024-01-26,0.6134969325153339,0.4273686977367852
2024-01-25,1.4634146341463428,0.1745401568496341
2024-01-24,-0.18028846153846922,0.3179374985244232
2024-01-23,1.2040939193256994,-0.2087500882539728
2024-01-22,0.4759071980963814,-0.28033070533123317
2024-01-19,-0.5328596802841923,-0.30240369947883705
2024-01-18,-2.9761904761904767,-0.40904048259343684
2024-01-17,-3.5582822085889587,-0.36975166217544375
2024-01-16,0.190839694656475,-0.7601784136107015
2024-01-15,1.5873015873015817,0.39099075080824
2024-01-12,1.2499999999999956,-0.17165706661590452
2024-01-10,1.2962962962963065,-0.34310320098780434
2024-01-09,0.48750761730651515,-0.4451898670058463
2024-01-08,-4.48756822316555,-0.10563704468252721
2024-01-05,-4.1269841269841345,-0.7188166487993253
2024-01-04,0.33112582781458233,-0.40350064291374554
2024-01-03,-2.112211221122118,-0.7258913795697208
2024-01-02,-3.3715441672285906,-0.4020853751945941
2023-12-29,-0.20935101186322358,-0.38262184028947654
2023-12-28,0.2797202797202747,0.47606754099285276
2023-12-27,-0.2789400278939924,-0.15408180463253318
2023-12-26,0.6993006993006867,0.5120265843408411
2023-12-25,1.388888888888884,0.28739156957287015
2023-12-22,0.6849315068493178,0.00591031103012174
2023-12-21,1.56462585034014,0.5186812248723971
2023-12-20,0.6697923643670389,-0.2821327109809757
2023-12-19,-0.8649367930804952,-0.3264965859938074
2023-12-18,0.3355704697986406,-0.3717673697520185
2023-12-15,1.0033444816053505,0.06473511381011043
2023-12-14,-1.3245033112582738,-0.15798335117548357
2023-12-13,-0.8053691275167862,-0.9882773614901086
2023-12-12,0.4059539918809252,-0.35780710595575416
2023-12-11,0.20215633423179558,-0.5609766096598467
2023-12-08,0.06724949562879612,-0.4905210797858106
2023-12-07,0.8064516129032251,-0.5869610434412031
2023-12-06,-0.6666666666666599,0.01624481186637272
2023-12-05,-0.8053691275167862,-0.2674431162522972
2023-12-04,0.5412719891745521,0.17163964031563506
2023-12-01,11.036339165545094,0.28404375482520283
2023-11-30,-2.9696969696969555,0.023511317686275568
2023-11-29,0.562148657089323,-0.07773034190318162
2023-11-28,0.0,0.5827516715257719
2023-11-27,-0.5590062111801242,0.9615165415800098
2023-11-24,0.562148657089323,0.15471241470954578
2023-11-23,0.807453416149051,0.19655699610141575
2023-11-22,1.6635859519408491,-0.19558806004478235
2023-11-21,-0.60606060606061,0.026970067400111652
2023-11-20,-1.1585365853658436,-0.2663723854227307
2023-11-17,0.0,0.18706748490906477
2023-11-16,-1.2954966070326979,-0.6216421009013429
2023-11-15,0.9374999999999911,0.6577277121600611
2023-11-14,-1.7956656346749145,-0.016953767160476918
2023-11-13,-2.9634300126103352,-0.19303842141180638
2023-11-10,-0.5847953216374213,-0.014060224628831275
2023-11-09,-0.7843137254902044,0.11902649385782116
2023-11-08,-1.5151515151515138,0.23124886089453955
2023-11-07,0.33444816053511683,-0.09567262778592545
2023-11-03,-0.2666666666666595,0.2496382749744619
2023-11-02,1.6042780748662944,0.18747038242792335
2023-11-01,1.4473684210526416,-0.06733312606922448
2023-10-31,-1.1673151750972721,-0.8047154963881753
2023-10-30,-2.887139107611547,0.5272161611418191
2023-10-27,0.33783783783782884,0.3959869099924296
2023-10-26,3.703703703703698,0.8839873571278911
2023-10-25,0.32467532467532756,0.578505521910988
2023-10-24,0.0,0.2592559534289274
2023-10-23,3.430420711974125,-0.05970500337730833
2023-10-20,2.6282853566958586,0.21632497617729562
2023-10-19,-7.560975609756094,-0.10389237597949741
2023-10-18,-9.03693931398417,-0.9262078620729142
2023-10-17,3.6983321247280765,0.46553822398403
2023-10-16,1.3986013986013957,0.3618472581376819
2023-10-13,1.5172413793103523,0.26248027516300176
2023-10-12,1.9021739130434812,0.07604389191497862
2023-10-11,-2.6666666666666727,-0.4332755632582286
2023-10-10,-3.424657534246578,0.03337325035828176
2023-10-09,2.8368794326241176,0.5308501452233383
2023-10-06,2.6896551724137963,-0.3421080885869676
2023-10-05,-5.641370047011418,-4.8324804322453785
2023-10-04,4.62633451957295,0.47374789990919375
2023-10-03,4.489795918367356,0.6285716724496293
2023-10-02,6.315104166666652,0.6466147938475331
2023-09-27,1.9595835884874457,-0.09675255281779149
2023-09-26,3.7237237237237375,-0.3157626558144888
2023-09-25,-5.616676317313251,-0.3239562608271074
2023-09-22,-2.4539877300613466,-0.07310158743364381
2023-09-21,5.8490566037735725,0.02311054316572747
2023-09-20,-5.644682115270339,0.2296929046638585
2023-09-19,-5.604534005037786,0.06983476957915791
2023-09-18,-5.603735823882583,-0.323607328211184
2023-09-15,-1.3427561837455748,0.05284931741964538
2023-09-14,-5.659025787965621,-0.3460566106154084
2023-09-13,-3.492786636294598,0.017895520836330725
2023-09-12,-2.8324154209284136,-0.09414767808820779
2023-09-11,2.8340080971659853,-0.11478931555377603
2023-09-08,0.0,0.3416046453450283
2023-09-07,1.9685039370078705,-0.062115077967184185
2023-09-06,1.3899613899613916,0.9123820357119783
2023-09-05,-2.056359482102066,0.16131971677928458
2023-09-04,-5.598755832037316,0.13107175588980002
2023-09-01,-5.601317957166385,0.5667574106665185
2023-08-31,-5.584642233856895,-0.42520300243679143
2023-08-30,-5.637707948243986,-0.02973925228462182
2023-08-29,1.3712047012732542,-0.30470793080962233
2023-08-28,-2.1256038647342934,0.29468140523245534
2023-08-25,0.0,-0.18380282755480204
2023-08-24,0.7897334649555887,-0.1106363272780797
2023-08-23,-0.19588638589619345,0.2359315587751043
2023-08-22,-0.5888125613346284,0.6760234114837393
2023-08-18,1.6781836130306038,0.13890756674539428
2023-08-17,0.9708737864077666,0.19159836578355183
2023-08-16,-1.9230769230769384,0.0862500301791913
2023-08-15,2.450980392156854,-0.04225603999351568
2023-08-11,-3.4449760765550175,0.3227129859938449
2023-08-10,-0.29732408325073845,-0.17925205194243565
2023-08-09,0.8946322067594492,0.3325566476428454
2023-08-08,0.6896551724137945,0.07843260676194674
2023-08-07,0.09784735812132794,0.18636938047076335
2023-08-04,-0.09775171065493637,0.2969589585372745
2023-08-03,0.7827788649706457,0.5095536155493408
2023-08-02,-0.4854368932038944,-0.5955487890316746
2023-08-01,-1.4634146341463428,-0.39443780865686673
2023-07-31,-0.990099009900991,-0.2042481631734261
2023-07-28,0.0,-0.5396951236704584
2023-07-27,-0.5000000000000115,-1.3398001264009585
2023-07-26,-0.603015075376867,-0.49725806628811986
2023-07-25,2.123356926188058,-0.15474709212207616
2023-07-24,1.08910891089109,0.3204367535086794
2023-07-21,0.7835455435847072,-0.4914571586043137
2023-07-20,0.4859086491739717,-0.43261750204933724
2023-07-18,-2.7079303675048294,-1.2632683398988598
2023-07-17,-0.5964214711729698,0.08494291489413719
2023-07-14,0.7000000000000117,-0.5079258956469879
2023-07-13,-0.19860973187685316,0.45454901547747895
2023-07-12,0.4975124378109319,-0.06533495428719949
2023-07-11,1.08910891089109,0.11792258555674007
2023-07-10,3.9177277179235803,0.25306172644909974
2023-07-07,1.602262016965117,0.3966029159082618
2023-07-06,0.7421150278293043,0.4838354391604849
2023-07-05,-3.7753222836095834,-0.6511416815451421
2023-07-04,-5.645933014354066,-0.49388419665381544
2023-07-03,-0.6085192697768638,0.30447109083806545
2023-06-28,1.0204081632652962,-0.3185730965063138
2023-06-27,-0.5050505050505083,-0.336224873016866
2023-06-26,1.4213197969543234,0.28833298852752876
2023-06-23,1.1011011011010874,-0.5446714679346765
2023-06-22,1.980198019801982,0.15225210229041775
2023-06-21,0.0,1.8536598949169036
2023-06-20,-5.631067961165048,-2.566365481747779
2023-06-19,6.275720164609044,0.4242188822121795
2023-06-16,6.292352371732823,-0.589459235981904
2023-06-15,-5.646630236794181,-1.6659113106656243
2023-06-14,-5.598455598455598,-1.2412812430497966
2023-06-13,-5.623721881390587,-0.13973402600409024
2023-06-12,-5.633802816901401,0.17344019302127922
2023-06-09,-5.625717566016075,-0.5138141227910009
2023-06-08,6.326034063260333,0.1966630890463783
2023-06-07,2.4027459954233388,-0.07074682342227412
2023-06-06,-2.7932960893854775,0.31295864825100494
2023-06-05,-4.597701149425271,0.8945964996095679
2023-06-02,-1.5662650602409678,-1.2065523667402767
2023-06-01,-5.630354957160344,0.2981053426577507
2023-05-31,-5.577172503242533,-0.1753087134856557
2023-05-30,0.9615384615384581,-0.21650614567381155
2023-05-29,-0.40816326530611624,-0.5648824304936517
2023-05-26,-4.098360655737709,-1.193659159732663
2023-05-25,2.564102564102577,0.9219432480997325
2023-05-24,0.0,-1.2542244280069448
2023-05-23,1.2499999999999956,-0.14003535683959623
2023-05-22,3.703703703703698,0.03912363067291036
2023-05-19,-0.7936507936507908,-0.17278264593397763
2023-05-18,0.8000000000000007,0.2908889234225054
2023-05-17,5.158730158730163,0.2502405445353073
2023-05-16,-0.6289308176100628,-0.5624456250115761
2023-05-15,-1.3924050632911467,-0.09493821104764599
2023-05-12,0.12836970474967568,-1.4408918511258473
2023-05-11,-2.8205128205128216,-0.9119980489593948
2023-05-10,-1.715039577836408,-0.6994521339872439
2023-05-09,-2.147651006711415,0.11115199386695362
2023-05-08,-1.6460905349794275,-0.2886551243001967
2023-05-05,-2.5104602510460206,0.17082649225361735
2023-05-04,-5.579399141630914,0.0217132107593887
2023-05-03,-0.7575757575757569,0.19710546967679488
2023-05-02,-1.5267175572518998,0.9014311885796156
2023-04-28,1.0852713178294504,-0.5268298429866425
2023-04-27,-5.521472392638027,-0.14250551826830993
2023-04-26,-5.519480519480513,0.42477893035288705
2023-04-25,-1.2027491408934776,-0.04352687713229386
2023-04-21,0.0,-0.1191078535907164
2023-04-20,-1.7391304347825987,-0.14720206369088773
2023-04-19,1.7699115044247815,0.10480798260397162
2023-04-18,-1.3913043478260834,-0.003722180281406917
2023-04-17,0.5291005291005346,-0.06537918975618728
2023-04-14,0.5263157894736858,-0.0779333154417805
2023-04-13,0.5235602094240788,0.30021993188897866
2023-04-12,0.868055555555558,-0.0089577214606118
2023-04-11,0.6884681583476882,-0.042219426654455106
2023-04-10,-0.8547008547008517,-0.2570466144882433
2023-04-07,-0.8620689655172376,-0.10447922411989108
2023-04-06,0.8695652173912993,0.3147223859574
2023-04-05,0.5172413793103514,-0.10807593359768441
2023-04-04,-0.6861063464837058,-0.009644730157643
2023-04-03,0.17271157167528806,-0.7605746521593515
2023-03-31,1.379310344827589,0.7983532520673409
2023-03-30,-3.741496598639449,0.5185047282170174
2023-03-29,-0.5300353356890497,-0.10295707146018573
2023-03-28,-2.3090586145648295,-0.24244567790663307
2023-03-27,1.8181818181818077,-0.8368025374750232
2023-03-24,1.2499999999999956,0.67364952924307
2023-03-23,-0.17636684303350414,-0.19399290283838022
2023-03-22,-1.0600706713780994,-1.318119164476983
2023-03-21,1.7857142857143016,1.2608939668433683
2023-03-20,0.0,-0.2974181956374222
2023-03-17,3.6842105263157787,0.9448418222840926
2023-03-16,1.1844331641285955,-0.155698498465362
2023-03-15,-1.5050167224080369,0.5919482088184491
2023-03-14,1.697792869269965,0.06619518773296473
2023-03-13,1.001669449081799,-0.08479492593220783
2023-03-10,-0.6611570247933907,-0.0022732202343056507
2023-03-09,0.0,0.3323712972899795
2023-03-08,0.16638935108153063,0.1029968204097953
2023-03-07,3.322259136212624,0.38138458448035983
2023-03-06,2.0900321543408262,0.6480701170904268
2023-03-03,0.31496062992126816,0.5120933753637091
2023-03-02,2.3547880690737655,0.6953170346637005
2023-03-01,-0.9202453987730008,0.5984715871256263
2023-02-28,-5.572755417956666,-0.6662382156880864
2023-02-27,1.3114754098360715,0.08952601053637821
2023-02-24,2.4271844660194164,-1.6719934639920275
2023-02-23,-0.4739336492891044,-0.35514600655335293
2023-02-22,0.7936507936507908,-0.5644990517959414
2023-02-21,2.3622047244094446,1.192291419988134
2023-02-20,-0.15384615384614886,-0.06304167672153138
2023-02-17,1.2326656394453073,-1.0410310166033332
2023-02-16,-2.5875190258751846,-0.1730763228753096
2023-02-15,1.8749999999999822,-0.3114143250589452
2023-02-14,1.2269938650306678,1.3476269221265547
2023-02-13,-2.8787878787878696,0.6030570142535607
2023-02-10,-2.184087363494547,-0.08472909526290318
2023-02-09,-2.392344497607646,-0.6733698907196439
2023-02-08,-0.6535947712418277,-1.7253621663861574
2023-02-07,-0.6578947368421018,-1.3190816699065522
2023-02-06,-0.33112582781458233,0.09675244931874882
2023-02-03,1.3289036544850585,0.08185530961335452
2023-02-02,-0.8196721311475419,-1.27361687276496
2023-02-01,0.6611570247933907,0.621032253136744
2023-01-31,0.0,-1.5145808699375762
2023-01-30,-1.8062397372742067,-0.4911154546227037
2023-01-27,0.33444816053511683,0.3703034323324861
2023-01-26,-2.9999999999999916,1.794623944215168
2023-01-25,-0.5154639175257825,-0.5381579970453187
2023-01-24,0.6908462867012188,0.5673562041270674
2023-01-23,1.2006861063464935,-0.7642236449726836
2023-01-20,-0.6779661016949157,0.44649676289847395
2023-01-19,2.2184300341296925,1.1386721567801628
2023-01-18,0.0,0.3939182188381185
2023-01-17,0.5008347245408995,-0.3205608230320012
2023-01-16,-1.1627906976744096,-0.5596793906804787
2023-01-13,-2.0168067226890796,-1.568580732269087
2023-01-12,-1.3722126929674117,-1.7724672748401615
2023-01-10,0.0,-1.765282182690986
2023-01-09,0.8695652173912993,-0.9007456415862425
2023-01-06,-0.6896551724137945,3.322909367060478
2023-01-05,6.25,3.9706560461153506
2023-01-04,-0.6535947712418277,1.8389593471014098
2023-01-03,3.125,0.729524680245075
2023-01-02,0.15948963317384823,0.10374315771388698
2022-12-30,0.31847133757960666,1.19959888995127
2022-12-29,0.0,1.009323568857523
2022-12-28,0.0,0.03978701173077415
2022-12-27,0.31746031746031633,0.35219393744796434
2022-12-26,-0.31645569620254443,-0.4204040969629119
2022-12-23,-0.4761904761904856,0.11839267115592023
2022-12-22,2.0733652312599826,-0.15882509545916967
2022-12-21,1.5625,-0.47029300624074066
2022-12-20,-0.7692307692307665,1.5234257444637578
2022-12-19,0.7751937984496138,-0.1402600595020842
2022-12-16,0.15384615384614886,1.6184237676521551
2022-12-15,-0.7680491551459223,0.3864284270252316
2022-12-14,0.6191950464396356,0.4009098764533814
2022-12-13,-1.3846153846153841,-0.2771923778723151
2022-12-12,-0.15600624024960652,-0.2507602554742028
2022-12-09,0.15624999999999112,0.16478079268889
2022-12-08,0.6240249609984483,0.13409093529312965
2022-12-07,-0.7751937984496138,-0.3761386230687114
2022-12-06,0.0,-0.4829053978368747
2022-12-05,0.9374999999999911,-1.4838854913143074
2022-12-02,0.6191950464396356,-0.054134192951671434
2022-12-01,1.692307692307704,-1.0095099154613707
2022-11-30,1.3615733736762392,0.07075486829237754
2022-11-29,1.3432835820895495,-0.44382857556304334
2022-11-28,-2.798232695139913,-0.32143011562837387
2022-11-25,1.060606060606073,-0.270045029039534
2022-11-24,-0.5997001499250421,0.4272638180561339
2022-11-23,-0.6033182503770718,-0.3821366108435642
2022-11-22,-1.2139605462822445,-0.24790322893954997
2022-11-21,-0.3072196620583667,0.3525635972985386
2022-11-17,0.15408320493066618,-1.8538351433991518
2022-11-16,0.7692307692307665,-0.3780150584628772
2022-11-15,-0.6106870229007688,-1.0817380390733766
2022-11-14,-0.1536098310291778,-1.0642363466473514
2022-11-11,-4.61538461538461,0.6348458321221884
2022-11-10,4.677419354838719,2.256595090111224
2022-11-09,2.4653312788905923,0.28377925652463
2022-11-08,1.5037593984962294,0.7651774543555812
2022-11-07,1.4814814814814836,-0.2535247367707605
2022-11-04,0.43795620437956373,0.6532053239585833
2022-11-03,0.29069767441860517,0.4657276265743082
2022-11-02,-0.28985507246377384,0.46927695258158764
2022-11-01,-0.29069767441859407,-0.8227367865429769
2022-10-31,2.0408163265306145,0.259180343319243
2022-10-28,-0.8571428571428563,-0.05741602100522991
2022-10-27,0.5763688760807018,-0.9510899634834535
2022-10-26,0.2865329512893977,1.5148129735245153
2022-10-25,-1.1428571428571455,-0.5550272056874528
2022-10-24,1.5895953757225412,1.0243049951814243
2022-10-21,-2.4182076813655695,1.0204919978237248
2022-10-20,6.268221574344013,2.209498920597741
2022-10-19,0.9602194787380114,0.1155530721910436
2022-10-18,0.6793478260869623,0.3163223945128468
2022-10-17,0.9446693657219951,0.72607487339027
2022-10-14,1.8716577540106805,0.9984102693627595
2022-10-13,0.6561679790026309,0.9072871120233472
2022-10-12,-0.782268578878742,1.035906864426539
2022-10-11,0.0,-0.48921752356120285
2022-10-07,2.4967148488830526,0.12154098617929154
2022-10-06,0.0,-0.6460686839843355
2022-10-05,-0.6410256410256387,-0.38566902600993824
2022-10-04,-0.7741935483870921,-0.2731137463235611
2022-10-03,-3.1209362808842678,0.23277812973088174
2022-09-30,4.026845637583887,0.6108613454965939
2022-09-29,1.4193548387096744,1.0774517397649008
2022-09-28,0.0,1.986208227984232
2022-09-27,1.781170483460559,1.2231298741086194
2022-09-26,0.12499999999999734,0.5513528321835048
2022-09-23,0.4993757802746579,-0.06778665557282126
2022-09-22,1.2422360248447228,-0.1599087075556227
2022-09-21,0.6134969325153339,-0.15656745277426998
2022-09-20,0.6097560975609762,-0.30535538814281393
2022-09-19,-0.3636363636363549,0.1968835397311297
2022-09-16,0.36496350364962904,-0.4971849413215157
2022-09-15,-0.12121212121212199,0.06615571060542003
2022-09-14,1.4563106796116498,0.014078639492987044
2022-09-13,0.4784688995215447,-0.12224465889624225
2022-09-12,1.7857142857142794,-0.03750127751603882
2022-09-09,-0.4678362573099504,0.23952105682791824
2022-09-08,-2.232667450058745,-0.02113935357994645
2022-09-07,0.9615384615384581,-0.37145666133271416
2022-09-06,1.1904761904761862,0.25615828633243076
2022-09-05,-1.17647058823529,-0.03648877496555958
2022-09-02,-1.309523809523827,-0.07514652336093608
2022-09-01,-2.2919179734619988,0.012781217711954618
2022-08-31,-0.37037037037036535,-0.09399178149054332
2022-08-30,0.867410161090465,0.426909580666357
2022-08-29,0.3685503685503688,0.06680883059895226
2022-08-26,-1.3463892288861579,0.20062116187820056
2022-08-25,0.7444168734491052,-0.11834503807285346
2022-08-24,-0.24630541871920597,-0.24755542098781058
2022-08-23,0.7407407407407529,-0.15661758657564695
2022-08-22,0.6127450980392135,0.3903456594024135
2022-08-19,-0.12180267965896663,-0.09462189811692001
2022-08-18,-0.3658536585365746,0.002300019468037817
2022-08-17,-0.244798041615657,0.10251279561757087
2022-08-16,1.8404907975460238,-0.08878626225427011
2022-08-15,-1.2048192771084487,-0.10676960351518883
2022-08-12,-2.4390243902438935,-0.6527306735729987
2022-08-11,-3.2499999999999973,-0.7824810317660025
2022-08-10,-0.7751937984496138,-0.028860245512263294
2022-08-09,-0.651041666666663,-0.3297358858940336
2022-08-08,-0.9174311926605561,0.012221838080739289
2022-08-05,0.5291005291005346,-0.7120443213482042
2022-08-04,-0.2631578947368318,-0.24447363141132383
2022-08-03,0.6596306068601621,-0.04259195721874054
2022-08-02,0.7863695937090576,0.22065947592952995
2022-08-01,-1.170351105331613,-0.3021693430558581
2022-07-29,-0.1315789473684159,0.1371583099659457
2022-07-28,-1.844532279314881,-0.5077454631181144
2022-07-27,-0.4026845637583931,0.3010723100102197
2022-07-26,1.3477088948786964,0.21634153342540152
2022-07-25,-1.3297872340425454,0.7469849386341876
2022-07-22,-0.9433962264150941,0.15976195887450473
2022-07-21,3.401360544217691,0.009880231498837766
2022-07-20,0.0,0.10666246937849344
2022-07-19,0.0,-0.7414928209176885
2022-07-18,-1.9736842105263053,-0.3107437459450746
2022-07-15,0.5369127516778427,-0.7576436302658474
2022-07-14,-1.2016021361815787,0.4373272195527189
2022-07-13,-1.3513513513513598,-0.44212181159708486
2022-07-12,0.0,-0.25227855572654834
2022-07-08,0.9589041095890538,0.12065198179205261
2022-07-07,1.085481682496603,-0.8003070231546672
2022-07-06,-0.9395973154362469,-0.7337731673724979
2022-07-05,1.084010840108407,1.4510263452133243
2022-07-04,0.13404825737264314,0.25926574098182886
2022-07-01,3.0789825970549023,2.2580469371316303
2022-06-30,0.0,0.4045993933090797
2022-06-29,1.1688311688311748,-0.2905954552993917
2022-06-28,-2.310654685494218,-0.3681289798851406
2022-06-27,0.5256241787122251,0.3022865586415735
2022-06-24,1.0457516339869244,-0.565464077550315
2022-06-23,-0.38809831824062613,0.6574051830715355
2022-06-22,5.1948051948051965,1.1296818180684287
2022-06-21,-1.2345679012345623,-0.2231658301374284
2022-06-20,-3.749999999999998,-0.4174145515739802
2022-06-17,-1.2987012987013102,1.4443579174035603
2022-06-16,-0.6578947368421018,0.8229660387825133
2022-06-15,1.5894039735099286,-0.7634934274511229
2022-06-14,6.258148631030003,1.8431064313447987
2022-06-13,4.171779141104293,0.5931627366666525
2022-06-10,1.2956419316843215,0.3747783483329492
2022-06-09,0.5813953488372103,0.4794697050789498
2022-06-08,1.7341040462427681,0.3515536223832827
2022-06-07,0.5681818181818121,-0.4067038508689724
2022-06-06,-3.9548022598870025,-0.43631540092300414
2022-06-03,-2.941176470588236,-0.594136824349778
2022-06-02,0.12121212121212199,-1.1343465520858742
2022-06-01,-5.56900726392252,-0.429120826803997
2022-05-31,1.9230769230769384,-0.14951862296995744
2022-05-30,0.0,0.11184020972068165
2022-05-27,-1.8867924528301883,0.6207574749106826
2022-05-26,-5.128205128205121,-0.13785602062603708
2022-05-25,1.0810810810810922,0.2195348056661217
2022-05-24,0.40106951871656804,1.150817930057313
2022-05-23,2.929427430093212,0.49377017083780395
2022-05-20,0.9055627425614388,0.4240258058588964
2022-05-19,0.0,-0.0013406802611637403
2022-05-18,0.512820512820511,0.28935422509219766
2022-05-17,0.3826530612244916,-0.2664223675260313
2022-05-16,-1.5247776365946653,-0.0044154392140005605
2022-05-13,0.3870967741935516,-0.8659374036544043
2022-05-12,2.3136246786632286,0.616430129832124
2022-05-11,-0.7537688442211032,0.13328179138316631
2022-05-10,1.8987341772152,2.506009828882716
2022-05-09,1.1180124223602483,0.5147032773729299
2022-05-06,1.1056511056511065,0.541260791310405
2022-05-05,-1.7010935601458166,0.16949087957687237
2022-05-04,0.12360939431397266,-0.05508262774566175
2022-04-29,2.4691358024691468,-0.015300704517517971
2022-04-28,1.3253012048192625,-0.3880578379003907
2022-04-27,0.0,0.17747314018161653
2022-04-26,2.853745541022601,0.4615892862456228
2022-04-25,1.387283236994219,0.017315504439374685
2022-04-22,-1.5963511972633793,-0.5527853013780892
2022-04-21,0.6952491309385689,-0.25303755782871695
2022-04-20,1.0356731875719172,-0.08925475342800304
2022-04-19,0.1138952164009055,-0.10075030244244276
2022-04-18,0.9101251422070522,-0.3037828286391875
2022-04-15,-0.33821871476887866,-0.2109342726652419
2022-04-14,0.11312217194570096,0.0
2022-04-13,-0.6779661016949157,0.008402784790817464
2022-04-12,1.4789533560864765,-0.23047904182385004
2022-04-11,-3.0269058295964046,0.026346124724563325
2022-04-08,0.5780346820809079,-0.1554861587967027
2022-04-07,0.22988505747127963,-0.2518883893068202
2022-04-06,-1.146788990825709,-0.11928213560005174
2022-04-05,-5.56844547563804,-0.4203155356014121
2022-04-04,-5.651105651105659,0.14994982178351268
2022-04-01,-5.598958333333326,-0.19784295893960913
2022-03-31,3.5862068965517135,-0.5200454669214039
2022-03-30,-1.464713715046595,-0.23581631892845012
2022-03-29,-1.3513513513513598,-0.6379810995348012
2022-03-28,-2.1917808219178103,-0.2950898006521929
2022-03-25,0.0,-0.35079172128364977
2022-03-24,3.6414565826330625,0.15288194408502598
2022-03-23,4.999999999999982,1.9255186274985236
2022-03-22,4.375804375804382,0.37285200583458966
2022-03-21,-1.3563501849568338,0.07693563052246777
2022-03-18,6.374999999999997,0.4481355511034568
2022-03-17,-0.7050528789659283,-1.3416556440372318
2022-03-16,-3.5502958579881505,-0.4485204467025383
2022-03-15,-2.208588957055224,-0.3584494581541309
2022-03-14,0.0,-0.2783750606279334
2022-03-11,5.395232120451698,-0.4467701842689298
2022-03-10,0.0,2.375882630968329
2022-03-09,0.0,-1.5124983192304042
2022-03-08,-0.11904761904761862,-2.020829371038868
2022-03-07,6.3170441001191735,2.9810413790548385
2022-03-04,6.278026905829592,0.6178840677419917
2022-03-03,6.329113924050622,0.8414583619973381
2022-03-02,6.349206349206349,0.6693995600031366
2022-03-01,6.343283582089554,0.0871385625659471
2022-02-28,-3.947368421052644,0.7976411976399644
2022-02-25,-0.36529680365295913,-1.6744969754009298
2022-02-24,6.324472960586602,4.284088838936961
2022-02-23,-2.499999999999991,0.08645658998331918
2022-02-22,5.481874447391677,0.9500530642280403
2022-02-21,-0.25146689019278634,0.490263234433308
2022-02-18,-2.941176470588236,0.36357061777843036
2022-02-17,-0.9523809523809601,-0.04605349178447016
2022-02-16,0.08741258741258306,0.05421409188488546
2022-02-15,0.4366812227074357,0.7171848352523158
2022-02-14,2.521739130434786,0.6028936008180885
2022-02-11,1.781170483460559,0.2968446013852155
2022-02-10,-0.9166666666666656,-0.2923924362486563
2022-02-09,-2.4390243902439046,0.2514594396210601
2022-02-08,0.5172413793103514,-0.2457520714103767
2022-02-07,-1.3722126929674117,-0.01383386602080705
2022-02-04,0.08695652173913437,-0.25771828631319105
2022-02-03,0.7819287576020795,-0.0566360894073914
2022-02-02,0.17241379310344307,-0.30491510199913696
2022-02-01,0.2581755593803914,0.1470088602052444
2022-01-31,-0.08583690987123971,-0.6502687724772471
2022-01-28,-0.1718213058419349,-0.43028417605472935
2022-01-27,-1.03270223752151,-0.0843171548275623
2022-01-26,-0.08695652173912327,-0.11412097698050294
2022-01-25,0.6092254134029584,0.3420245107838449
2022-01-24,1.6435986159169413,0.22038026684116918
2022-01-21,1.276595744680864,-0.045125404369328326
2022-01-20,-0.25210084033614466,-0.2894555579023739
2022-01-19,-0.2527379949452402,0.22085194694021482
2022-01-18,-2.78716216216216,0.019828516020803377
2022-01-17,0.08688097306690512,0.09825151516471564
2022-01-14,0.5208333333333481,-1.4224143246923449
2022-01-13,-1.5544041450777146,-0.4193331881097162
2022-01-12,-3.421052631578947,-0.33219374987991657
2022-01-10,0.4541326067211582,-0.06717923583248187
2022-01-07,-0.9041591320072317,-0.8049119813018257
2022-01-06,-2.3722627737226443,-0.5845713554799681
2022-01-05,0.4672897196261738,-0.0913426160705888
2022-01-04,-1.116279069767434,0.13412679764552848
2022-01-03,-0.18814675446849893,0.46652111228018267
2021-12-31,1.413760603204528,0.346675330430779
2021-12-30,0.8364312267657992,-0.11510948082862349
2021-12-29,0.4608294930875667,-0.8021390374331694
2021-12-28,0.917431192660545,-0.34189642970079426
2021-12-27,-0.9090909090909038,0.045631777244414806
2021-12-24,-1.6513761467889854,0.05686267550593094
2021-12-23,-0.1865671641791189,-0.2978122198104671
2021-12-22,-1.4018691588784882,0.2457136368797519
2021-12-21,1.42180094786728,0.08306300102092212
2021-12-20,0.0,0.3755104134915088
2021-12-17,-0.09345794392523477,-0.256995594468612
2021-12-16,0.374181478016844,0.011228723829148635
2021-12-15,2.423112767940361,0.0816063259596378
2021-12-14,1.9108280254777066,0.015961619833348983
2021-12-13,0.17857142857145014,0.42028066889592264
2021-12-10,-0.17825311942960553,-0.46559883536571034
2021-12-09,-2.499999999999991,-0.34908154273707304
2021-12-08,-1.098901098901095,-0.022522267191171785
2021-12-07,-2.6851851851851904,-0.3769171863200138
2021-12-06,-1.4272121788772685,0.36035940330128025
2021-12-03,0.38610038610038533,0.040904279449560654
2021-12-02,2.8846153846153744,-0.4626868942916862
2021-12-01,-2.336448598130836,-0.6439542633781437
2021-11-30,-4.306220095693769,0.10783026553298214
2021-11-29,2.6999999999999913,0.9282040751204867
2021-11-26,3.992210321324241,0.7824625522272033
2021-11-25,-0.0936329588014928,0.12218066978721964
2021-11-24,0.2811621368322248,-0.25500700482203875
2021-11-23,0.8411214953270907,0.33621932862846204
2021-11-22,1.7608897126969447,-0.08298674384134008
2021-11-19,-1.6393442622950838,-0.3820710695666252
2021-11-17,-2.777777777777779,-0.19872861842600287
2021-11-16,0.952380952380949,0.2516762710292664
2021-11-15,-2.358490566037741,-0.005414979186180169
2021-11-12,-3.3816425120772875,0.27625410564142694
2021-11-11,0.0,0.08873081186819842
2021-11-10,0.8999999999999897,0.2701530017707787
2021-11-09,1.7839444995044529,0.3581373866433868
2021-11-08,-0.19474196689386325,-0.10768334840106641
2021-11-05,2.731707317073173,0.6947322906260656
2021-11-04,5.318138651471993,0.4615388032418677
2021-11-03,0.9017132551848439,-0.04930236054396797
2021-11-02,-0.3574620196604039,-0.40618935546471446
2021-11-01,0.5381165919282616,0.35461649225805303
2021-10-29,2.5869759143621662,0.1737308610189947
2021-10-28,-1.3913043478260834,-0.29884380293099255
2021-10-27,-0.3527336860670083,0.09417642531404091
2021-10-26,0.8849557522123908,-1.603772958349725
2021-10-25,0.6140350877193113,-0.24839056115868452
2021-10-22,-0.6102877070619073,-0.03894526010620458
2021-10-21,0.6140350877193113,-0.036929677169950104
2021-10-18,-2.005231037489108,0.07749820738369717
2021-10-15,-2.8469750889679735,-0.13367486333663026
2021-10-14,2.106227106227121,-0.7183537037524945
2021-10-13,2.0627802690583064,-0.2060248427894762
2021-10-12,-0.6151142355008798,-0.11382494361941164
2021-10-11,0.7957559681697646,0.3573064102154522
2021-10-08,-1.2280701754386003,-0.721316197399291
2021-10-07,-3.818827708703376,-0.1497244870924619
2021-10-06,-2.123730378578026,-0.1458198562753088
2021-10-05,2.264150943396226,0.17635738905297238
2021-10-04,4.151291512915112,0.1832325057675721
2021-10-01,4.1629760850310005,0.6189668472749821
2021-09-30,1.6156462585033893,0.07924573229503018
2021-09-29,-3.765690376569031,-0.21133142586958753
2021-09-28,0.8695652173912993,-0.35969775365448653
2021-09-27,3.0172413793103425,0.0751408700794487
2021-09-24,0.16736401673640433,-0.41007075909922364
2021-09-23,-0.5847953216374324,-0.8000440433306943
2021-09-22,0.6722689075630228,-0.251129233662728
2021-09-21,-1.5025041736226985,0.06753822400744625
2021-09-20,3.3898305084745672,0.5377788897846791
2021-09-17,0.0,-0.8969061079021734
2021-09-16,4.098360655737698,-0.05533841299661946
2021-09-15,0.47244094488190225,0.0483122132189262
2021-09-14,0.07836990595611049,-0.10704165090625883
2021-09-13,4.15035238841035,-0.028399149267011037
2021-09-10,1.5037593984962294,0.6754087418164412
2021-09-09,-3.77777777777778,-1.7735622427448083
2021-09-08,0.07698229407235857,-0.2066553541239191
2021-09-07,-2.3076923076923106,-0.1834098983144683
2021-09-06,-1.5748031496062964,0.5996988504787026
2021-09-03,-0.48000000000000265,-0.4168402848486852
2021-09-02,-2.9742765273311877,-0.06826980099510216
2021-09-01,4.142502071251042,-0.08988176848282459
2021-08-31,-3.8186157517899777,0.6410821984282666
2021-08-30,-3.8047973531844415,0.07154296413300898
2021-08-27,-0.6878761822871837,-0.7799960577816623
2021-08-26,-0.08658008658010141,-0.2350815453891819
2021-08-25,-0.7798960138648114,0.4051318278580851
2021-08-24,0.4366812227074357,0.055011604379195944
2021-08-23,0.8695652173912993,-0.8347884908836312
2021-08-19,-2.327586206896548,0.07773292711268365
2021-08-18,-3.7952338923212703,0.059046989514999204
2021-08-17,-0.7339449541284404,-0.2130774080915554
2021-08-16,-3.7892791127541625,0.2023398070429172
2021-08-13,-3.842459173871282,-0.7689864066779073
2021-08-12,0.19980019980019303,0.32604079182245727
2021-08-11,0.8973080757726848,-0.5536776033510327
2021-08-09,-0.19762845849802257,0.25021404623399857
2021-08-06,1.3861386138613874,-0.48497154902754636
2021-08-05,0.9765625,-0.3355841964226336
2021-08-04,-3.771760154738879,0.16207990201169142
2021-08-03,-3.8190954773869246,-0.09778155584355686
2021-08-02,0.5224660397074032,-1.0438364669606015
2021-07-29,1.0395010395010562,-0.5464010110409867
2021-07-28,1.7489711934156382,-0.24033825505110906
2021-07-27,1.0111223458038276,-0.19741945736682087
2021-07-26,1.301301301301283,0.27742643479944373
2021-07-23,1.7786561264822254,-0.5723892770935324
2021-07-20,-0.5825242718446644,0.06651694865023039
2021-07-19,-0.3906250000000111,0.08827381500835507
2021-07-16,0.0,-0.2123114328432596
2021-07-15,-0.2941176470588225,0.24043966109457138
2021-07-14,1.0816125860373615,0.3385526872619504
2021-07-13,0.8754863813229541,0.16976983207281915
2021-07-12,1.7357762777242103,0.02836965248402823
2021-07-09,-3.791469194312802,0.25509099008160785
2021-07-08,-3.8423645320197153,-0.19231929405204573
2021-07-07,-3.7909836065573743,-0.49230261540358367
2021-07-06,4.153354632587836,0.8129894436144536
2021-07-05,4.089979550102263,1.1787083388973718
2021-07-02,4.125736738703334,-0.05818445195557853
2021-07-01,-1.1320754716981019,-0.0767386786292068
2021-06-30,0.0,0.02256383146752583
2021-06-29,-1.8129770992366567,0.45995662276303584
2021-06-28,4.081632653061251,-0.4132605883489737
2021-06-25,4.108309990662917,0.47440729287462347
2021-06-24,0.4484304932735439,0.3045723523645627
2021-06-23,0.8035714285714368,0.025650225218565303
2021-06-22,1.417183348095663,0.22520075540912732
2021-06-21,-3.8427947598253187,-0.4642947382852314
2021-06-18,-3.8147138964577665,-0.3654808026483658
2021-06-17,0.0,0.08447181406234794
2021-06-16,4.154863078375826,0.39405646884609347
2021-06-15,-3.80779691749773,0.5129743392845665
2021-06-14,-3.770028275212056,-0.8191326727535975
2021-06-11,-3.8197845249755225,-0.7148473858202053
2021-06-10,0.3054989816700493,-0.10013165008715408
2021-06-09,-1.8274111675126825,0.0424711923969312
2021-06-08,-3.826266804550149,0.10423262068623984
2021-06-07,-3.7634408602150726,-0.02867653354831079
2021-06-04,-2.122905027932953,0.08742791439175779
2021-06-03,-3.767123287671237,-0.9434289760089976
2021-06-02,-3.7959667852906276,-0.854124778828147
2021-06-01,-1.1097410604192337,-0.4160271991858755
2021-05-31,-3.7406483790523692,0.3966334446603659
2021-05-28,4.145077720207246,-0.5391979122730373
2021-05-27,-1.3681592039800905,0.16342989502295957
2021-05-26,-3.783102143757877,-0.19394719684402428
2021-05-25,-3.8007863695937116,-0.01877087950253875
2021-05-24,-3.8147138964577665,0.4292473779932582
2021-05-21,-3.82436260623229,-0.7681075992993391
2021-05-20,-1.178203240058906,1.2761461829311704
2021-05-19,2.2354694485842153,-0.2964764535581699
2021-05-18,0.5830903790087438,0.0765175082085845
2021-05-17,0.0,-1.1044260811434503
2021-05-12,-0.28985507246377384,-0.11219085233491466
2021-05-11,1.0174418604651292,0.23336301291851935
2021-05-10,-1.2949640287769792,-0.36619129534677386
2021-05-07,-0.8746355685131268,-0.020312360820773367
2021-05-06,0.7352941176470562,-0.463365792530368
2021-05-05,1.751824817518255,-0.36564248847694714
2021-05-04,-3.730272596843609,-0.46261352292371605
2021-05-03,-0.44709388971684305,-0.3733291496176072
2021-04-30,0.8982035928143839,-0.09965092543283705
2021-04-29,0.29673590504450953,-0.14339639271626625
2021-04-28,0.0,-0.3072342635798475
2021-04-27,-1.183431952662728,-0.14608805806745062
2021-04-26,-1.6467065868263409,0.08747414567771283
2021-04-23,1.21765601217656,-0.21449064009867458
2021-04-22,0.15037593984961184,-0.2696713236687631
2021-04-21,0.30030030030030463,0.1599805523908593
2021-04-20,-0.14970059880239361,-0.323124833352717
2021-04-19,0.4497751124437732,0.04964183288964641
2021-04-16,-1.94029850746269,-0.2979602959550465
2021-04-15,-0.9132420091324311,-0.13081703922017685
2021-04-14,0.7680491551459223,-0.10405057081506186
2021-04-13,-0.304878048780477,0.0852914469047894
2021-04-12,-1.3761467889908285,-0.32124891109358567
2021-04-09,-1.5503875968992276,-0.20224804487799508
2021-04-08,-0.15748031496062298,-0.2595959648403201
2021-04-07,-0.1577287066246047,0.10098538835128235
2021-04-06,2.0537124802527673,-0.04290149297194734
2021-04-05,1.238390092879249,0.34544021517179946
2021-04-02,-1.6819571865443472,-0.17428572662977482
2021-04-01,-3.732503888024874,-0.5983841118761157
2021-03-31,-0.9693053311793265,0.2984242814784599
2021-03-30,0.4893964110929794,-0.3030060983233107
2021-03-29,-0.16233766233766378,0.1424712314356258
2021-03-26,-0.4878048780487809,-0.05809008833518314
2021-03-25,0.0,-0.5108460152966732
2021-03-24,-0.16339869281045694,-0.45014907307072693
2021-03-23,-0.49099836333879043,0.5294082505455711
2021-03-22,0.6578947368421018,0.19601879962733992
2021-03-19,1.6339869281045694,0.2778841381885
2021-03-18,1.12540192926045,0.5546630576312106
2021-03-17,-0.7949125596184436,-0.6363724435248574
2021-03-16,0.3205128205128194,-0.6041470253593695
2021-03-15,0.31948881789138905,-0.024698126708411205
2021-03-12,-1.273885350318471,-0.5614517676225672
2021-03-11,-0.4838709677419395,0.02634138434107758
2021-03-10,1.944894651539708,0.0989963845181574
2021-03-09,0.15898251192367763,-0.291856097434362
2021-03-08,0.0,0.15972439159126495
2021-03-05,1.1111111111111072,0.002555039065654796
2021-03-04,0.31397174254317317,-0.10070120815018901
2021-03-03,0.15649452269170805,0.2754215987681441
2021-03-02,0.0,-0.15989150596161794
2021-03-01,0.0,0.05408724254605257
2021-02-26,0.78125,-0.04085165127832857
2021-02-25,1.7054263565891459,-0.5925029484222133
2021-02-24,0.0,0.8474906656412262
2021-02-23,2.743902439024404,0.629859136120392
2021-02-22,0.5934718100890191,0.11734301878885134
2021-02-19,0.1474926253687281,0.880872483221462
2021-02-18,0.44182621502208974,-0.4065508015611896
2021-02-17,0.8797653958944274,0.5163605305780194
2021-02-16,-0.14534883720930258,-0.4513618139442954
2021-02-15,-0.29112081513829047,0.24591785042642478
2021-02-12,-0.29197080291970545,0.30960689961312404
2021-02-11,0.14641288433381305,-0.24222829326531192
2021-02-10,2.3391812865497075,0.7517971271906676
2021-02-09,0.7142857142857117,0.4593506436659567
2021-02-08,0.5673758865248235,0.07475597513830756
2021-02-05,-2.961918194640334,0.2447603192897052
2021-02-04,-0.43604651162790775,0.07605067887792583
2021-02-03,0.7299270072992803,-0.3560517738764868
2021-02-02,2.1739130434782483,-0.6127628902253379
2021-02-01,0.42553191489362874,-0.06444677598558268
2021-01-29,0.5649717514124353,0.23748904773082113
2021-01-28,4.073033707865159,0.3287975343187144
2021-01-27,-3.7786774628879916,0.1773261878460719
2021-01-26,-3.7868162692847096,-0.6772384715832969
2021-01-25,-3.790087463556857,-0.6326182507185973
2021-01-22,0.3030303030303161,-0.42149029768075996
2021-01-21,-0.30211480362538623,0.008858018982227378
2021-01-20,0.3030303030303161,-0.293070256104333
2021-01-19,0.6042296072507503,-0.1481415679491671
2021-01-18,0.45045045045044585,-0.42790170297202224
2021-01-15,-3.139013452914796,-0.7830983892174181
2021-01-14,1.8518518518518379,-0.5712121439525264
2021-01-13,1.21212121212122,0.309889194634394
2021-01-12,-0.44910179640718084,-0.42356415292923444
2021-01-08,0.7518796992481258,0.19637056699446376
2021-01-07,0.29850746268655914,-0.49258155498557166
2021-01-06,-2.232142857142849,0.33872131144618844
2021-01-05,-1.82648401826484,0.7745008308378543
2021-01-04,-0.9302325581395432,-0.47156917552990674
2020-12-31,1.4084507042253724,-0.6759761787057728
2020-12-30,2.6234567901234573,0.003657096372511326
2020-12-29,0.4511278195488577,0.3095039107201769
2020-12-28,0.29940119760478723,0.010136766318180612
2020-12-25,2.238805970149249,0.8710511739230542
2020-12-24,-0.29197080291970545,0.43066291768398823
2020-12-23,-2.0497803806734938,-0.4855118762594146
2020-12-22,-3.7369207772795177,-1.5366651262386566
2020-12-21,4.037267080745344,3.1854253623058604
2020-12-18,0.14925373134329067,0.2687444011583162
2020-12-17,1.3412816691505292,-1.1077636955467929
2020-12-16,0.0,-0.5366253357191098
2020-12-15,1.17647058823529,-0.18148309179595312
2020-12-14,0.8720930232558155,0.2258996307308303
2020-12-11,-3.746397694524506,-2.3929923092758543
2020-12-10,-2.6946107784431073,-0.07246553155361157
2020-12-09,-3.076923076923077,-0.4544105696006606
2020-12-08,-1.5873015873015817,-0.22978278459404589
2020-12-07,-3.0645161290322687,-0.30396461768298355
2020-12-04,2.329450915141451,-0.04190320723505003
2020-12-03,0.0,-0.11081665311836186
2020-12-02,-1.6260162601626105,-0.0030106961824372114
2020-12-01,4.132231404958686,0.2760800285386056
2020-11-30,3.9682539682539764,-0.9267709048890738
2020-11-27,-0.7633587786259555,1.3169265469065605
2020-11-26,1.846153846153853,0.6625037729812044
2020-11-25,0.15105740181269312,-0.779975291477708
2020-11-24,0.15082956259426794,-0.8649715124795287
2020-11-23,0.0,-0.21183589583971818
2020-11-20,-3.765060240963858,-1.2829792640827287
2020-11-19,-3.7558685446009266,-0.3579739344420574
2020-11-17,-3.7398373983739908,-0.12590887554980723
2020-11-16,-0.5067567567567655,-0.47625539989578636
2020-11-13,0.8488964346349936,-0.5198197707913965
2020-11-12,0.16835016835017313,-0.2613623287374023
2020-11-11,0.1680672268907557,0.2169384070819902
2020-11-10,-1.1744966442953086,-0.39160659673107556
2020-11-09,-3.735144312393879,-1.846271316338688
2020-11-05,0.0,-0.08580269433972054
2020-11-04,1.0582010582010692,0.07998384867211605
2020-11-03,0.0,0.063993853501354
2020-11-02,2.094240837696315,0.9034436191762252
2020-10-28,0.512820512820511,-0.11022249074150725
2020-10-27,0.5102040816326481,-0.043448593327855
2020-10-26,-2.0304568527918843,0.0887540822569477
2020-10-23,-1.036269430051806,-0.7560843554438312
2020-10-22,0.8726003490401313,-0.4133083754706002
2020-10-21,2.422145328719716,-0.2375158973048741
2020-10-20,-1.0135135135135087,-0.1872441158779048
2020-10-19,2.3890784982935065,0.3482664437554073
2020-10-16,1.6666666666666607,0.4827618939686751
2020-10-15,-0.983606557377048,0.1146159978484107
2020-10-14,-0.6622516556291425,-1.4752071606426442
2020-10-13,-2.9999999999999916,-0.27754838772728885
2020-10-12,-1.2027491408934776,0.017640054684187056
2020-10-09,-0.17391304347825765,-0.28101530004850384
2020-10-08,0.0,0.2931070228757049
2020-10-07,0.0,-0.3309493484863424
2020-10-06,1.0452961672473782,-0.6565276284204891
2020-10-05,-0.34482758620688614,-0.20125801098904716
2020-10-02,0.34602076124565784,-0.7254545616785069
2020-10-01,0.34482758620690834,-0.25057625547791895
2020-09-30,2.2336769759450092,-0.007709382318288327
2020-09-29,1.3445378151260456,0.04155377057912801
2020-09-28,-0.8291873963515717,-0.3861394165471488
2020-09-25,0.33444816053511683,0.42913280208347615
2020-09-24,-0.9999999999999898,1.0736002977387304
2020-09-23,2.188552188552184,0.16708487377075087
2020-09-22,0.6589785831960571,0.030238558510120583
2020-09-21,1.3093289689034338,-0.3791519759271167
2020-09-18,-0.9693053311793265,-0.19723904996027386
2020-09-17,0.4893964110929794,0.36505198562843955
2020-09-16,1.4610389610389518,0.27442664433239283
2020-09-15,-0.31999999999999806,0.3508813499750074
2020-09-14,-0.48154093097914075,0.6690068789648507
2020-09-11,-0.1612903225806428,0.13652817738305512
2020-09-10,-0.4846526655896688,-0.3579832310036113
2020-09-09,2.110389610389607,-0.21254484745255597
2020-09-08,-0.4769475357710662,0.4288416368028347
2020-09-07,1.1182108626198062,-0.401012549356905
2020-09-04,-0.4739336492891044,0.8759078245868412
2020-09-03,0.0,0.06498161934584967
2020-09-02,1.5873015873016039,-0.0025275822412074156
2020-09-01,-2.8125000000000067,-1.472353870458143
2020-08-31,3.37620578778135,-0.6057346962939469
2020-08-28,-0.15552099533436836,0.754957854390903
2020-08-27,1.2461059190031154,0.6204270966140291
2020-08-26,0.0,0.28435935423791747
2020-08-25,1.538461538461533,0.13591798833565427
2020-08-24,3.1818181818181746,0.10131257806871297
2020-08-19,0.7342143906020615,0.2671984009008366
2020-08-18,-2.478134110787167,0.020110344586399265
2020-08-17,-1.0463378176382654,0.1337506119308829
2020-08-13,-0.30211480362538623,-0.34959574354570533
2020-08-12,1.21212121212122,-0.1896230997536219
2020-08-11,-1.0479041916167553,0.157311677051708
2020-08-10,1.0590015128592922,-0.1251258561627222
2020-08-07,0.0,-0.26977198563685745
2020-08-06,-0.29940119760478723,-0.4804900509720267
2020-08-05,-0.9009009009009028,-0.2005895880054953
2020-08-04,4.090909090909101,-0.3634012069408499
2020-08-03,-1.3100436681222738,1.0434026662978546
2020-07-29,0.2949852507374562,0.08936017527889639
2020-07-28,-0.8823529411764675,-0.30056430288520897
2020-07-27,0.0,0.15440928650369834
2020-07-24,2.6706231454005858,0.05556425105650575
2020-07-23,2.023121387283222,-0.09737898021915381
2020-07-22,-0.14164305949008194,0.18633564687045023
2020-07-21,0.8510638297872353,0.3293882287665584
2020-07-20,-1.9690576652602099,0.09492857476671723
2020-07-17,-1.0043041606886516,0.00340446062156996
2020-07-16,1.5942028985507228,-0.19005970247971682
2020-07-15,1.2838801711840153,-0.9901144478747681
2020-07-14,1.1267605633802802,0.1689987243893576
2020-07-13,-0.278551532033422,-0.27611253206983877
2020-07-10,-0.5586592178770999,0.6922910933292448
2020-07-09,-1.6853932584269704,-0.4286062371014365
2020-07-08,1.1428571428571344,0.10387828648983355
2020-07-07,1.9774011299434902,0.06273353269310444
2020-07-06,0.41551246537396835,0.32710871802621444
2020-07-03,-1.2413793103448256,-0.21358013704725343
2020-07-02,-0.13966480446927498,0.07428583188862081
2020-07-01,-2.0979020979021046,-0.4134590619708667
2020-06-30,0.0,-0.7845265945468638
2020-06-29,2.857142857142869,0.2436217776857097
2020-06-26,0.1388888888888884,1.1932976006501894
2020-06-25,4.022191400832176,0.5612290760434124
2020-06-24,3.4666666666666623,0.48240790041311765
2020-06-23,0.5154639175257714,0.45388748734500606
2020-06-22,0.0,-0.31216580306889785
2020-06-19,1.6666666666666607,0.29180362060508
2020-06-18,1.261034047919285,0.5004573244114852
2020-06-17,-3.735990037359882,-3.3897655597366683
2020-06-16,-1.6817593790427021,-0.6382974503799765
2020-06-15,0.0,-0.9302144552991165
2020-06-12,0.0,0.6973867388733623
2020-06-11,2.6315789473684292,0.47137488008051065
2020-06-10,-0.7692307692307665,0.8371658629887646
2020-06-09,-1.8087855297157729,0.270945713103643
2020-06-08,-1.7105263157894735,-0.3019223175344421
2020-06-05,4.149933065595723,0.5416686832729667
2020-06-04,4.113110539845755,-0.533445458394699
2020-06-03,-3.827160493827153,-1.0492048739680016
2020-06-02,-3.7227214377406947,-0.79821691297568
2020-06-01,-3.733333333333333,-0.8634004151486074
2020-05-29,-3.7396121883656486,-0.08038324131210972
2020-05-28,-0.8633093525179936,0.9179390708673019
2020-05-27,-2.3222060957909907,-0.8801992904053813
2020-05-26,-0.7429420505200679,-1.5826885192631757
2020-05-22,0.29940119760478723,-1.0255944630280345
2020-05-21,0.0,-0.9051825689546433
2020-05-20,-1.3432835820895495,-0.18083867485961802
2020-05-19,3.6308623298033194,0.6850383410689886
2020-05-18,-3.795620437956204,-1.4638583474991473
2020-05-15,-3.793626707132014,-0.9641298239687623
2020-05-14,1.5772870662460692,-0.7799067029500395
2020-05-13,4.037267080745344,0.8241983957103516
2020-05-12,1.94029850746269,1.9216335493500214
2020-05-11,-3.8067349926793503,0.12045455023639295
2020-05-08,-3.8051750380517557,1.733299289385104
2020-05-07,-3.797468354430378,-0.6792968858932102
2020-05-06,-3.782894736842113,-0.616245333444243
2020-05-05,0.8547008547008739,-1.2454693084888224
2020-05-04,0.0,-0.39531638555161397
2020-04-30,0.5084745762711673,-1.0667290733668788
2020-04-29,-0.1686340640809414,-1.343810279535762
2020-04-28,-3.716216216216217,-0.995483595337121
2020-04-27,1.403508771929829,-0.4440726103851822
2020-04-24,-1.903114186851218,-0.37550753226535116
2020-04-23,4.056437389770728,-0.08457457435235849
2020-04-22,4.067796610169472,0.016773714811302298
2020-04-21,4.071661237785018,0.944612708789383
2020-04-20,3.9123630672926346,-0.042470133373828656
2020-04-17,-1.8072289156626509,0.6931296836061751
2020-04-16,-0.15337423312883347,0.527446339850357
2020-04-15,1.5360983102918668,1.0541425169365404
2020-04-14,1.3615733736762392,0.36220655458278905
2020-04-13,-0.7462686567164201,-0.2833799736241094
2020-04-10,-0.4511278195488799,-0.6730987379936271
2020-04-09,-1.6616314199395799,-0.5831557091777517
2020-04-08,-1.075268817204289,-1.3912541649426013
2020-04-07,-0.7763975155279601,2.0314641183829973
2020-04-06,2.5039123630672844,1.6857142857142904
2020-04-03,-1.3740458015267132,1.7465324784796676
2020-04-02,-0.1547987616099089,0.6923741561068786
2020-04-01,2.9457364341085146,0.8186119955745141
2020-03-31,1.8072289156626509,0.21731402340068318
2020-03-30,-0.8875739644970349,0.18311854689623264
2020-03-27,1.044776119402968,0.5724695317511186
2020-03-26,3.5450516986706093,0.9412696323191083
2020-03-25,4.1369472182596345,2.7917147285066335
2020-03-24,-0.4109589041095929,-2.1092809542167856
2020-03-23,-3.7138927097661534,-3.4578965082458835
2020-03-20,-3.7142857142857144,-3.3058702690214714
2020-03-19,-3.70919881305638,-3.268651254896904
2020-03-18,4.006163328197232,3.4563173336567443
2020-03-17,4.148148148148145,3.198996831760681
2020-03-16,10.95305832147937,9.671217173822422
2020-03-13,-1.2820512820512775,0.5293589445128255
2020-03-12,6.883116883116891,7.180692189614879
2020-03-11,0.36452004860265674,0.4916459866695533
2020-03-10,-9.079903147699753,-5.167083362219738
2020-03-09,7.856191744340868,6.177999909313092
2020-03-06,0.7407407407407529,3.1500702020127003
2020-03-05,0.9803921568627416,0.39170392050338343
2020-03-04,1.213592233009697,0.6722870130274394
2020-03-03,1.918465227817756,1.902487186196633
2020-03-02,-1.17647058823529,0.5878936245619082
2020-02-28,4.404761904761889,0.9734163938490914
2020-02-27,-0.45610034207524963,0.24199756225418145
2020-02-26,2.978235967926679,0.2577707943030916
2020-02-25,0.11123470522802492,-0.28346985751762643
2020-02-24,0.22222222222221255,0.8059179638541858
2020-02-21,-0.22172949002217113,-1.8207462085110926
2020-02-20,0.0,-0.03575139829500307
2020-02-19,-0.4444444444444362,-0.09499097748648655
2020-02-18,0.33482142857141906,0.6137880926577743
2020-02-17,0.11123470522802492,0.014426435714032237
2020-02-14,4.444444444444451,-1.1006268921836204
2020-02-13,0.21276595744681437,-1.4511955504645124
2020-02-12,-1.27388535031846,0.058284021946719555
2020-02-11,1.0752688172043001,1.2636360010370273
2020-02-10,1.0638297872340496,-0.17363632708291554
2020-02-07,0.0,0.12954954406945163
2020-02-06,0.0,1.0834915717031102
2020-02-05,0.0,0.017623692740253993
2020-02-04,-1.9999999999999907,-0.21907992925780384
2020-02-03,-0.21482277121376292,1.9835353706331826
2020-01-31,-0.21528525296016232,-0.5079836257869896
2020-01-30,0.9708737864077666,0.5206829512425237
2020-01-29,-2.2435897435897356,0.3537814884673862
2020-01-28,0.3278688524590123,0.15575432319618887
2020-01-27,-1.0893246187363759,0.02667282681954042
2020-01-24,4.625550660792954,-0.17951739818816703
2020-01-23,3.157894736842115,0.4431607041914143
2020-01-22,0.0,-0.8892181703192392
2020-01-21,3.877551020408143,-0.2708999036037163
2020-01-20,-1.7681728880157177,-0.003683739732573965
2020-01-17,-4.499999999999993,-0.7648846586609137
2020-01-16,-2.198952879581162,-0.4341741893935547
2020-01-15,-1.7130620985010725,-0.08761876354607123
2020-01-14,-0.32679738562090277,-0.5052434830648433
2020-01-13,0.8743169398907069,0.3824060597906964
2020-01-10,1.9501625135427858,0.6584168267492974
2020-01-09,-1.8065887353878818,-1.434910562190883
2020-01-08,2.7056277056277,-0.6206512048296253
2020-01-07,10.642781875658592,0.0012357090251269298
2020-01-06,-0.952380952380949,0.13188971350852619
